Sample,HLA I Type
0095,"A0201,A3101,B3502,B3906,C0401,C0702"
04885,"A0201,A3201,B0702,B1801,C0702,C0701"
06670,"A2402,A2501,B4403,,C1601,C1203"
1509,"A2601,A3301,B3501,B3801,C0401,C1204"
22640,"A0301,A0201,B5001,B4101,C1701,C0602"
3665,"A0201,A3351,B1401,B1809,C0635,C0802,C0702"
4880,"A0101,A1101,B0801,B0702,C0701,C0702"
6126,"A0301,A3201,B4402,B5101,C0501,C1502"
6161,"A0201,A0201,B1801,B5701,C0602,C1203"
7623,"A0201,A6901,B3501,B5101,C0401,C0602"
9306,"A2402,B3502,B4402,C0401,C1604"
9699,"A2301,A2601,B2705,B4403,C0102,C0401"
0244,"A0101,A0301,B0702,B4402,C0501,C0702"
2472,"A3002,A3201,B1501,B1801,C0303,C0501"
4941,"A0206,A6802,B1801,B4801,C0501,C0801"
0167,"A0101,A0301,B0702,B0801,C0701,C0702"
2057,"A2402,A1101,B3501,B5101,C0401,C0102"
3484,"A0201,A1101,B3501,B4402,C0401,C0501"
4691,"A0101,A2402,B3508,B4402,C0401,C0501"
4744,"A0201,A2402,B0702,B3901,C0702,C1203"
6819,"A0101,A2902,B0801,B4403,C1601,C0701"
1120,"A0201,A0301,B0801,C0701"
1650,"A0201,A3301,B3501,B4101,C0401,C1701"
3086,"A3001,A0201,B4001,B1302,C0602,C0304"
9298,"A3201,A2902,B4402,B4501,C0602,C0501"
1867,"A3402,A6801,B1503,B1574,B1598,C0202,C0210,C0214"
2137,"A0101,A0201,B0702,B3901,C0702,C1203"
3156,"A3201,A6801,B3901,B4402,C0701,C0702"
3549,"A0301,A1101,B0702,C0702,C0701"
4018,"A0201,A2501,B3501,B1801,C1203,C0401"
4045,"A0201,A2501,B0702,B1801,C0702,C1203"
4083,"A3101,A0101,B2705,B3701,C0202,C0602"
4631,"A0101,A0301,B0702,B0801,C0701,C0702"
4810,"A0201,A3301,B1402,B1501,C0202,C0801"
4949,"A0201,A0301,B2705,B4405,C0102,C0501"
5784,"A0201,A2403,B0702,A5107,C0702,C1402"
6689,"A1101,A1112,B3501,B0801,C0701,C0401"
6721,"A1101,,B5101,B5501,C0102,C0304"
6842,"A2402,A0201,B1501,B3503,C0401,C0303"
8727,"A2901,A6802,B1402,B3502,C0401,C0802"
8815,"A0201,A0301,B2702,B5101,C0102,C0202"
9341,"A0201,A0301,B0702,C0702,C0701"
9445,"A0201,A2601,B5701,B2705,C0102,C0602"
9449,"A0201,A0301,B4402,B5701,C0501,C0602"
9521,"A0201,A2402,B4402,B5101,C0102,C0501"
9705,"A0101,A2402,B0801,B1501,C0303,C0701"
9765,"A0101,A0326,B0702,B1517,C0702,C0701"
03803,"A0201,A2301,B4002,B4901,C0202,C0701"
12117,"A0201,A0301,B3501,B4001,C0401,C0304"
4035,"A0101,A0201,B3801,B3906,C0602,C1203"
4046,"A0201,A0214,B1524,B4901,C0303,C0701"
4077,"A0101,A0101,B0801,B5701,C0602,C0701"
4091,"A0101,A0201,B3701,B4402,C0602,C0501"
4092,"A2601,A2402,B3801,B4901,C1203,C0701"
0346,"A0201,A0204,A0301,B0702,B1402,C0702,C0701"
1494,"A0101,A2902,B0801,B4403,C0701,C1601"
2051,"A2301,A3601,A3605,B5301,B5302,B5303,C0302,C0401"
2056,"A0301,A2457,B2705,B3906,C0401,C0702"
5038,"A0201,A3301,B1402,B3901,C0802,C1203"
5118,"A0101,B0702,C0702"
5934,"A2402,B3502,B3503,C0401"
6336,"A3001,A3301,B1302,B1402,C0602,C0802"
6494,"A2402,A6801,B1402,B3909,C0716,C1203"
7357,"A0201,A2402,B1801,B5501,C0303,C1203"
